{
	"info": {
		"_postman_id": "da33cffd-7dbd-4060-a58f-1d8bb7d95588",
		"name": "SPM_G9_T4",
		"schema": "https://schema.getpostman.com/json/collection/v2.1.0/collection.json",
		"_exporter_id": "29864461"
	},
	"item": [
		{
			"name": "localhost:4000/api/employees",
			"request": {
				"method": "GET",
				"header": [],
				"url": {
					"raw": "localhost:4000/api/employees",
					"host": [
						"localhost"
					],
					"port": "4000",
					"path": [
						"api",
						"employees"
					]
				}
			},
			"response": []
		}
	]
}